path,file_type,size_bytes,sha256,tracked_status,reference_count,runtime_reference,repro_reference,audit_role,provenance_role,regenerable,classification,reason,approved_action,action_taken
experiments/audit_fixes/replay/.db_env,env,132,d2cb3b420bb7c758f1b514025a5a097804263b31557ba7d395291c95471141d2,untracked/ignored,0,no,no,none (temporary credential),none,yes,SAFE_DELETE_AFTER_OWNER_APPROVAL,Live DB credential; completed replay; no active runtime consumer; credentials excluded from reproducibility freeze,DELETE,DELETED
paper_master_6page.tex,tex,31746,53084d973230686a2219fb770763b04ae59e98c17ed23f3cf15f2e08c8b275f6,untracked,0,no,no,superseded manuscript variant,none,no,SAFE_DELETE_AFTER_OWNER_APPROVAL,Obsolete alternate manuscript; reintroduces removed claims and layout hacks; superseded by paper_master_final.tex,DELETE,DELETED
paper_master_6page.pdf,pdf,222823,a05316a2bd59a94d53a9d1f0260b0b2fb35bb3612aa09d5a4bc7b76c7008006c,untracked,0,no,no,compiled PDF of obsolete 6page variant,none,yes,SAFE_DELETE_AFTER_OWNER_APPROVAL,Obsolete compiled PDF of 6page variant; superseded by paper_master_final.pdf,DELETE,DELETED
artifacts/figures/week14_figure_a_outcome_prediction.svg,svg,5938,489d0fd26c5854c7253b355b664f3e625726e2dea08d393c7e3c645e509def5b,tracked,0,no,no,duplicate figure,none,yes,SAFE_DELETE_AFTER_OWNER_APPROVAL,Redundant duplicate; identical copy preserved in submission/figures/; no manuscript references artifacts/figures/,DELETE,DELETED
artifacts/figures/week14_figure_b_retrieval_funnel.svg,svg,2723,828b0bc50f570c5d270069ded8e70d28c36d802aba569f12619afeafc7236837,tracked,0,no,no,duplicate figure,none,yes,SAFE_DELETE_AFTER_OWNER_APPROVAL,Redundant duplicate; identical copy preserved in submission/figures/; no manuscript references artifacts/figures/,DELETE,DELETED
artifacts/figures/week14_figure_c_retrieval_investigation.svg,svg,8354,6fb159c2cdd637e3b765a70232000cc330e9aa33549786b44c65db1e8d3b558b,tracked,0,no,no,duplicate figure,none,yes,SAFE_DELETE_AFTER_OWNER_APPROVAL,Redundant duplicate; identical copy preserved in submission/figures/; no manuscript references artifacts/figures/,DELETE,DELETED
artifacts/figures/week14_figure_d_integrity_summary.svg,svg,4017,c4c5bba11b322dd0b8020997bc21b4c41fa6048de9fcfde48f99ff001b33bf86,tracked,0,no,no,duplicate figure,none,yes,SAFE_DELETE_AFTER_OWNER_APPROVAL,Redundant duplicate; identical copy preserved in submission/figures/; no manuscript references artifacts/figures/,DELETE,DELETED
artifacts/figures/week14_figure_e_explanation_review.svg,svg,5916,1f1cc72d87b812a4a96319092d5034a696449e51eabacdc9f09c730791c385bd,tracked,0,no,no,duplicate figure,none,yes,SAFE_DELETE_AFTER_OWNER_APPROVAL,Redundant duplicate; preserved copy in submission/figures/; no manuscript references artifacts/figures/,DELETE,DELETED
paper_master_final.tex,tex,37222,fadc2392166664c60fb18365557bf065123ad62de476f81a94da3fac236f961c,untracked,12,no,yes,canonical publication manuscript LaTeX source,canonical,no,KEEP_CANONICAL,Authoritative canonical 6-page paper manuscript source approved in manuscript resolution,PRESERVE,PRESERVED
paper_master_final.pdf,pdf,204518,93eecd93cbd2ea8d98266703e93d020b656c986858c282dc3326193f75edb712,untracked,8,no,yes,canonical publication manuscript compiled PDF,canonical,yes,KEEP_CANONICAL,Authoritative compiled PDF of canonical paper manuscript,PRESERVE,PRESERVED
paper_master.tex,tex,55994,9de053a7c74f8807d86100c5d2fb9c93ddb602efc140ee59b9808903d0f06d2a,tracked,15,no,yes,audit baseline original manuscript,audit baseline,no,KEEP_AUDIT_EVIDENCE,Tracked original manuscript preserved as required audit baseline against which diffs are measured,PRESERVE,PRESERVED
paper_master.pdf,pdf,293984,3b35c27966d72ee7dabecba6329a771e71adbbbca03e3dcaf1d721e97763ebbd,tracked,10,no,yes,audit baseline compiled PDF,audit baseline,yes,KEEP_AUDIT_EVIDENCE,Tracked compiled PDF of original audit baseline manuscript,PRESERVE,PRESERVED
paper_master_revised.tex,tex,56898,25a5e01a8f9c2d1b822d109f06df1c2d967b5fe82d5a374b5c73c3cb2292f70b,untracked,4,no,no,superseded intermediate manuscript revision,historical draft,no,BLOCKED_ARCHIVE_DESTINATION,Superseded manuscript; archive only if approved destination exists; deletion not approved,BLOCK_PENDING_ARCHIVE,PRESERVED_BLOCKED
paper_master_revised.pdf,pdf,294801,37f4749f7bb1bf13904a43d9b4db73b64bcbf0b3b9b47e5b225381d6f5ad5730,untracked,4,no,no,superseded intermediate manuscript compiled PDF,historical draft,yes,BLOCKED_ARCHIVE_DESTINATION,Superseded manuscript PDF; archive only if approved destination exists; deletion not approved,BLOCK_PENDING_ARCHIVE,PRESERVED_BLOCKED
Indian_Legal_XAI.docx,docx,27166,9b1226cfd4957e8f0003f5ad7e9152345686036f0b4d4dcbe17387f3ddbb356f,untracked/ignored,3,no,no,obsolete initial research proposal / specification,historical spec,no,BLOCKED_ARCHIVE_DESTINATION,Obsolete specification document; archive only if approved destination exists; deletion not approved,BLOCK_PENDING_ARCHIVE,PRESERVED_BLOCKED
experiments/audit_fixes/replay/paper_master_original_backup.tex,tex,55994,9de053a7c74f8807d86100c5d2fb9c93ddb602efc140ee59b9808903d0f06d2a,untracked,2,no,no,exact backup copy of tracked paper_master.tex,backup copy,yes,BLOCKED_ARCHIVE_DESTINATION,Backup of original paper_master.tex; archive only if approved destination exists; deletion not approved,BLOCK_PENDING_ARCHIVE,PRESERVED_BLOCKED
experiments/audit_fixes/replay/paper_master_original_backup.pdf,pdf,293984,3b35c27966d72ee7dabecba6329a771e71adbbbca03e3dcaf1d721e97763ebbd,untracked,2,no,no,exact backup copy of tracked paper_master.pdf,backup copy,yes,BLOCKED_ARCHIVE_DESTINATION,Backup of original paper_master.pdf; archive only if approved destination exists; deletion not approved,BLOCK_PENDING_ARCHIVE,PRESERVED_BLOCKED
figures/fig1_outcome.pdf,pdf,13114,cb5a85501ba16086f6f9fcda7971844cb1e227702f37c3e387f611e00d75a610,tracked,6,no,yes,manuscript Figure 1,canonical figure,yes,KEEP_CANONICAL,Directly referenced by paper_master_final.tex Figure 1,PRESERVE,PRESERVED
figures/fig2_funnel.pdf,pdf,13928,eb1d46797a2cb6e0bf16091db85b1a03ef9745cfc66804da61a84f331cf31bb3,tracked,6,no,yes,manuscript Figure 2,canonical figure,yes,KEEP_CANONICAL,Directly referenced by paper_master_final.tex Figure 2,PRESERVE,PRESERVED
figures/fig3_integrity.pdf,pdf,11682,90cf919864292198be05ce884e9c71a3962b14e3e3b7b2ce8f73111818ff64e3,tracked,6,no,yes,manuscript Figure 3,canonical figure,yes,KEEP_CANONICAL,Directly referenced by paper_master_final.tex Figure 3,PRESERVE,PRESERVED
figures/fig4_investigation.pdf,pdf,15251,9c83604fefd27a3c3c4373ae4a43b2210874e4c34a2e5fae1687f4c4c23dbd4c,tracked,6,no,yes,manuscript Figure 4,canonical figure,yes,KEEP_CANONICAL,Directly referenced by paper_master_final.tex Figure 4,PRESERVE,PRESERVED
figures/fig5_explanation.pdf,pdf,17267,b0f02377b21e86a0ca9be17aa025a6109dc05dae0046536bf30fa58e0a8ce8b1,tracked,6,no,yes,manuscript Figure 5,canonical figure,yes,KEEP_CANONICAL,Directly referenced by paper_master_final.tex Figure 5,PRESERVE,PRESERVED
submission/figures/week14_figure_a_outcome_prediction.svg,svg,5938,489d0fd26c5854c7253b355b664f3e625726e2dea08d393c7e3c645e509def5b,tracked,4,no,yes,authoritative vector source for Figure 1,submission package,yes,KEEP_CANONICAL,Authoritative submission package vector figure source,PRESERVE,PRESERVED
artifacts/e2_chunk_pool_checkpoints_cached/checkpoint-6318/model.safetensors,safetensors,437958648,924a5bb9078bcc212ef07acb9f08dfaa8593e880ae3868203deb28586dbdc773,untracked/ignored,25,yes,yes,frozen E2 model weights,verified checkpoint,no,KEEP_REPRODUCTION_REQUIRED,Verified frozen E2 model checkpoint; core experimental artifact; never delete,PRESERVE,PRESERVED
retrieval/bm25.sqlite,sqlite,2269376512,3187f7fce824ea8ccc5a26d908936ce4b78e81238289ea69348cb861350d65fb,untracked/ignored,30,yes,yes,frozen BM25 retrieval index,core index,yes,KEEP_REPRODUCTION_REQUIRED,Frozen disk-backed SQLite FTS5 index used across all E3/E4 retrieval experiments,PRESERVE,PRESERVED
artifacts/e2_hf_cache,directory,1078417076,[dir],untracked/ignored,15,yes,yes,HuggingFace transformer model cache,runtime cache,yes,KEEP_ACTIVE_RUNTIME,Base transformer weights cache for InLegalBERT inference; explicitly protected,PRESERVE,PRESERVED
experiments/audit_fixes/replay/e2_hf_cache,directory,1078417076,[dir],untracked,6,yes,yes,replay container HuggingFace cache,replay cache,yes,KEEP_ACTIVE_RUNTIME,HuggingFace cache mounted into nyayatrace-e2 replay container; explicitly protected,PRESERVE,PRESERVED
experiments/audit_fixes/replay/e2_cache,directory,154188457,[dir],untracked,8,yes,yes,precomputed E2 pooled evaluation representations,frozen evaluation cache,no,KEEP_REPRODUCTION_REQUIRED,Frozen E2 token representations; explicitly protected,PRESERVE,PRESERVED
validation_replay,directory,154188457,[dir],tracked,5,no,yes,historical validation replay cache and logs,reproduction validation,no,BLOCKED_PROVENANCE_UNCLEAR,Independent validation replay data; preserved per explicit owner instructions pending future decision,BLOCK_PENDING_OWNER_DECISION,PRESERVED_BLOCKED
validation_prep,directory,25335,[dir],tracked,8,no,yes,validation checklist and reproduction instructions,validation instructions,no,KEEP_PROVENANCE,Reproduction preparation and verification instructions,PRESERVE,PRESERVED
artifacts/local_cleanup/local_cleanup_manifest.json,json,839552,4392437648356f966141a65d75294e6c9860b2496a7d5ebc980313f8c85eb034,untracked/ignored,6,no,yes,3529-file historical nested-cleanup manifest,cleanup evidence,no,KEEP_AUDIT_EVIDENCE,Authoritative record of the 3529-file historical nested-duplicate removal,PRESERVE,PRESERVED
corpus_consolidation_manifest.json,json,1682,63b9f42511451f28b492ebfae6398b0f8d1c9ef0ce05f63934375b4859a72d73,tracked,4,no,yes,corpus consolidation manifest,corpus provenance,no,KEEP_AUDIT_EVIDENCE,Uniquely records executed corpus consolidation; explicitly protected,PRESERVE,PRESERVED
corpus/ecourts/pdfs/year=1979/1980_2_292_297_EN.pdf,pdf,199627,fddeb6b48754f4382607db7541091bd5251883a6140f126cbf6c9eb4d49a1f12,untracked/ignored,6,yes,yes,eCourts judgment PDF (citation [1980] 2 S.C.R. 292),court record,no,KEEP_PROVENANCE,Distinct upstream court catalog entry sharing multi-page scan bytes; preserved per Prompt 17 resolution,PRESERVE,PRESERVED
corpus/ecourts/pdfs/year=1979/1980_2_293_297_EN.pdf,pdf,199627,fddeb6b48754f4382607db7541091bd5251883a6140f126cbf6c9eb4d49a1f12,untracked/ignored,6,yes,yes,eCourts judgment PDF (citation [1980] 2 S.C.R. 293),court record,no,KEEP_PROVENANCE,Distinct upstream court catalog entry sharing multi-page scan bytes; preserved per Prompt 17 resolution,PRESERVE,PRESERVED
corpus/ecourts/pdfs/year=1980/1980_2_292_297_EN.pdf,pdf,199627,fddeb6b48754f4382607db7541091bd5251883a6140f126cbf6c9eb4d49a1f12,untracked/ignored,6,yes,yes,eCourts judgment PDF (1980 partition),court record,no,KEEP_PROVENANCE,Year-partition duplicate; preserved to preserve exact acquisition count and build traceability,PRESERVE,PRESERVED
corpus/ecourts/pdfs/year=1980/1980_2_293_297_EN.pdf,pdf,199627,fddeb6b48754f4382607db7541091bd5251883a6140f126cbf6c9eb4d49a1f12,untracked/ignored,6,yes,yes,eCourts judgment PDF (1980 partition),court record,no,KEEP_PROVENANCE,Year-partition duplicate; preserved to preserve exact acquisition count and build traceability,PRESERVE,PRESERVED
corpus/ecourts/pdfs/year=YYYY/[5181 cross-year pairs],pdf,4810000000,[various],untracked/ignored,10362,yes,yes,upstream-partition mirrored PDFs,court records,no,BLOCKED_PROVENANCE_UNCLEAR,"Folder dimension has provenance meaning; deletion breaks exact 39,069-file acquisition traceability",BLOCK_PENDING_OWNER_DECISION,PRESERVED_BLOCKED
demo/web/dist,directory,149970,[dir],untracked/ignored,2,optional local demo,no,compiled Vite bundle for web demo,build output,yes,REGENERABLE_BUT_KEEP_FOR_NOW,Compiled web demo UI; regenerable via npm run build; kept to allow instant local demo without rebuild,PRESERVE_REGENERABLE,PRESERVED
experiments/audit_fixes/replay/e3e4_replay.json,json,1426956,820ef6f2c01997dcf562215cbb81e3557e2d78bfb032d1e2e92cfa727f272f6a,untracked,8,no,yes,independent reproduction output of frozen E3/E4 evaluation,reproduction evidence,yes,KEEP_AUDIT_EVIDENCE,Proves bit-for-bit reproduction of E3/E4 metrics against frozen reference,PRESERVE,PRESERVED
scripts/timed_e2_repeat.py,py,1355,4b6807d9b7f58cb123e7f41ba8a0b0d3bf19a9307c9d784a9e5251648a8677c7,untracked,4,no,yes,timing script for E2 reproduction,audit script,yes,KEEP_AUDIT_EVIDENCE,Standalone execution script used for timed E2 inference replication,PRESERVE,PRESERVED
