path,classification,sha256,size_bytes,git_tracked,location,note
paper_master_final.tex,KEEP_CANONICAL,FADC2392166664C60FB18365557BF065123AD62DE476F81A94DA3FAC236F961C,37222,untracked (gitignored pattern),root,"Active canonical manuscript source — the ONLY permitted manuscript source"
paper_master_final.pdf,KEEP_CANONICAL,93EECD93CBD2EA8D98266703E93D020B656C986858C282DC3326193F75EDB712,204518,untracked (gitignored pattern),root,"Active canonical compiled PDF — the ONLY permitted manuscript PDF"
submission/final/paper_master.tex,BLOCKED_HISTORICAL_SUBMISSION_PROVENANCE,9DE053A7C74F8807D86100C5D2FB9C93DDB602EFC140EE59B9808903D0F06D2A,55994,YES,submission/final/,"SHA matches superseded version. However this is a load-bearing part of the submission/final/ package: MANIFEST.md records its SHA-256 explicitly and it is also embedded verbatim inside nyayatrace_submission_package.zip (verified). Deleting the loose copy while leaving the ZIP inconsistent would create a half-broken historical record. Classification: BLOCKED — requires explicit separate owner decision to remove the historical submission package."
submission/final/paper_master.pdf,BLOCKED_HISTORICAL_SUBMISSION_PROVENANCE,3B35C27966D72EE7DABECBA6329A771E71ADBBBCA03E3DCAF1D721E97763EBBD,293984,YES,submission/final/,"Same rationale as above. Both files are referenced by MANIFEST.md SHA-256 hashes and embedded in ZIP."
submission/archive/paper.md,HISTORICAL_SUBMISSION_EVIDENCE,n/a,55642,YES,submission/archive/,"Pre-reorder Markdown draft. Explicitly marked SUPERSEDED by submission/archive/SUPERSEDED.md. No action."
submission/archive/paper.html,HISTORICAL_SUBMISSION_EVIDENCE,n/a,62013,YES,submission/archive/,"HTML derivative of paper.md draft. Explicitly marked SUPERSEDED. No action."
submission/archive/paper.pdf,HISTORICAL_SUBMISSION_EVIDENCE,6E75198B5C3BF2F1B282D49202181D6F0E9A7EE4D0F99DB855D6FAAD471E0760,393406,YES,submission/archive/,"PDF compiled from Markdown draft. SUPERSEDED.md annotates it. No action."
submission/archive/paper_draft.md,HISTORICAL_SUBMISSION_EVIDENCE,n/a,51611,YES,submission/archive/,"Manuscript draft; moved here via git mv per SUPERSEDED.md governance. No action."
submission/archive/paper_audit_report.md,HISTORICAL_SUBMISSION_EVIDENCE,n/a,25117,YES,submission/archive/,"Audit narrative; moved here via git mv per SUPERSEDED.md governance. No action."
submission/archive/SUPERSEDED.md,HISTORICAL_SUBMISSION_EVIDENCE,n/a,1950,YES,submission/archive/,"Provenance marker explaining why all archive/ files are kept. Essential to the archive. No action."
