path,classification,size_bytes,git_tracked,role,action
demo/web/src/api.ts,ACTIVE_SOURCE,1744,untracked-gitignored-check-needed,API client layer (fetch wrapper for FastAPI ML service),KEEP
demo/web/src/App.tsx,ACTIVE_SOURCE,7603,untracked-gitignored-check-needed,Main React UI component,KEEP
demo/web/src/main.tsx,ACTIVE_SOURCE,315,untracked-gitignored-check-needed,React application entry point,KEEP
demo/web/src/types.ts,ACTIVE_SOURCE,1949,untracked-gitignored-check-needed,Shared TypeScript type definitions (referenced by App.tsx and api.ts),KEEP
demo/web/package.json,ACTIVE_BUILD_CONFIG,571,untracked-gitignored-check-needed,NPM project manifest with dependencies (React + Vite + TypeScript),KEEP
demo/web/package-lock.json,ACTIVE_BUILD_CONFIG,58126,untracked-gitignored-check-needed,Exact dependency lockfile — required for reproducible npm install,KEEP
demo/web/tsconfig.json,ACTIVE_BUILD_CONFIG,436,untracked-gitignored-check-needed,TypeScript compiler configuration,KEEP
demo/web/vite.config.ts,ACTIVE_BUILD_CONFIG,228,untracked-gitignored-check-needed,Vite bundler configuration — required for npm run build,KEEP
demo/web/dist/index.html,GENERATED_OUTPUT,438,gitignored,Vite build output — HTML entry point,KEEP (intentional retention for instant local demo)
demo/web/dist/assets/index-Bri--WQ0.css,GENERATED_OUTPUT,898,gitignored,Vite build output — compiled CSS bundle,KEEP (intentional retention for instant local demo)
demo/web/dist/assets/index-t3hIVIPk.js,GENERATED_OUTPUT,148634,gitignored,Vite build output — compiled JS bundle,KEEP (intentional retention for instant local demo)
demo/app.mjs,ACTIVE_SOURCE,3133,YES (git-tracked),Static demo viewer — ES module serving demo HTML/data,KEEP
demo/data.mjs,ACTIVE_SOURCE,2925,YES (git-tracked),Static demo data module,KEEP
demo/verify-browser.mjs,ACTIVE_SOURCE,2437,YES (git-tracked),Browser-side verification module for demo,KEEP
demo/verify.mjs,ACTIVE_SOURCE,888,YES (git-tracked),Node-side verification module for demo,KEEP
