filename,classification,size_bytes,git_tracked,inferred_role,action,note
analyze_10_differing.js,KEEP_AUDIT_EVIDENCE,2064,YES,"Analyzes 10 differing result entries — corpus cross-comparison audit probe",KEEP,"Git-tracked audit evidence. Do not delete without explicit owner approval."
audit_package.js,KEEP_AUDIT_EVIDENCE,1233,YES,"Submission package audit script",KEEP,"Git-tracked."
build_freeze_drift_audit.js,KEEP_AUDIT_EVIDENCE,9468,YES,"Constructs freeze drift audit — compares frozen results over time",KEEP,"Git-tracked. Largest scratch script; substantive audit work."
check_citations.js,KEEP_AUDIT_EVIDENCE,1752,YES,"Citation verification probe",KEEP,"Git-tracked."
check_e2_test.js,KEEP_AUDIT_EVIDENCE,163,YES,"E2 test result checker",KEEP,"Git-tracked."
check_git_history.js,KEEP_AUDIT_EVIDENCE,2561,YES,"Git history audit probe",KEEP,"Git-tracked."
check_overlap.js,KEEP_AUDIT_EVIDENCE,483,YES,"Result overlap checker",KEEP,"Git-tracked."
check_refs.js,KEEP_AUDIT_EVIDENCE,650,YES,"Reference checker",KEEP,"Git-tracked."
check_zip.js,KEEP_AUDIT_EVIDENCE,396,YES,"Submission ZIP content audit",KEEP,"Git-tracked."
compare_json.js,KEEP_AUDIT_EVIDENCE,843,YES,"JSON result comparison utility",KEEP,"Git-tracked."
extract_tables.js,KEEP_AUDIT_EVIDENCE,449,YES,"Table extraction probe",KEEP,"Git-tracked."
find_cite_contexts.js,KEEP_AUDIT_EVIDENCE,599,YES,"Citation context finder",KEEP,"Git-tracked."
find_combined.js,KEEP_AUDIT_EVIDENCE,827,YES,"Combined result finder",KEEP,"Git-tracked."
find_combined.py,KEEP_AUDIT_EVIDENCE,753,YES,"Python version of find_combined probe",KEEP,"Git-tracked."
hash_check.js,KEEP_AUDIT_EVIDENCE,2657,YES,"SHA-256 integrity checker for frozen assets",KEEP,"Git-tracked."
inspect_table2_artifacts.js,KEEP_AUDIT_EVIDENCE,494,YES,"Table 2 artifact inspector",KEEP,"Git-tracked."
prove_drift.js,KEEP_AUDIT_EVIDENCE,7088,YES,"Proof-of-drift audit script — establishes manuscript freeze drift",KEEP,"Git-tracked."
scan_language.js,KEEP_AUDIT_EVIDENCE,536,YES,"Language field scanner for corpus metadata",KEEP,"Git-tracked."
search_ext_eval.js,KEEP_AUDIT_EVIDENCE,971,YES,"Extended evaluation result search",KEEP,"Git-tracked."
search_json_terms.js,KEEP_AUDIT_EVIDENCE,859,YES,"JSON term searcher for audit verification",KEEP,"Git-tracked."
search_repo_metrics.js,KEEP_AUDIT_EVIDENCE,967,YES,"Repository metrics search probe",KEEP,"Git-tracked."
search_targeted.js,KEEP_AUDIT_EVIDENCE,1082,YES,"Targeted audit search script",KEEP,"Git-tracked."
test_pdf_text.js,KEEP_AUDIT_EVIDENCE,576,YES,"PDF text extraction test",KEEP,"Git-tracked."
verify_json_drift.js,KEEP_AUDIT_EVIDENCE,1476,YES,"JSON drift verification",KEEP,"Git-tracked."
verify_manifest.js,KEEP_AUDIT_EVIDENCE,777,YES,"Manifest verification probe",KEEP,"Git-tracked."
