path,classification,git_tracked,size_bytes,action,note
experiments/audit_fixes/ANSWER_KEY_REPLACEMENT_AUDIT.md,KEEP_AUDIT_EVIDENCE,NO (untracked),5396,KEEP,"Audit report on answer key replacement decisions; untracked but audit evidence."
experiments/audit_fixes/answer_key_temporal_check_output.txt,KEEP_AUDIT_EVIDENCE,NO (untracked),4910,KEEP,"Output of temporal check script; reproducibility evidence."
experiments/audit_fixes/audit_fixes_manifest.json,KEEP_AUDIT_EVIDENCE,NO (untracked),2309,KEEP,"Manifest of audit fix operations; provenance."
experiments/audit_fixes/FREEZE_RECONCILIATION.md,KEEP_AUDIT_EVIDENCE,NO (untracked),891,KEEP,"Freeze reconciliation report."
experiments/audit_fixes/hash_table.md,KEEP_AUDIT_EVIDENCE,NO (untracked),20562,KEEP,"Hash table of audit-tracked files; key reference during audit."
experiments/audit_fixes/spec_full_text.txt,KEEP_AUDIT_EVIDENCE,NO (untracked),35453,KEEP,"Specification full text; used by spec_clean/ workflow."
experiments/audit_fixes/spec_temporal_quotes.md,KEEP_AUDIT_EVIDENCE,NO (untracked),11301,KEEP,"Temporal quote extraction from spec; audit evidence."
experiments/audit_fixes/TEMPORAL_ERRATUM.md,KEEP_AUDIT_EVIDENCE,NO (untracked),8403,KEEP,"Temporal erratum report; key audit artifact."
experiments/audit_fixes/spec_clean/,SAFE_DELETE_EMPTY_DIR,NO (gitignored),0,EXECUTED,"Empty gitignored directory. Only file (Indian_Legal_XAI_clean.docx) deleted in Prompt 20. Directory deleted in Prompt 21."
experiments/audit_fixes/scripts/ (65 files),KEEP_AUDIT_EVIDENCE,NO (untracked),various,KEEP,"65 Python/shell scripts used to execute replay and audit operations. These generated the frozen evidence (E1/E2/E3/E4 results). Deleting them would remove reproducibility tooling. Untracked but essential provenance."
experiments/audit_fixes/replay/logs/ (31 log files),KEEP_AUDIT_EVIDENCE,NO (untracked),various,KEEP,"Execution logs from E1/E2/E3/E4 replay runs. Includes spring_retest.log (240KB), e3e4_replay_gpu*.log, e2_inference.log, etc. These logs document that the replay was actually executed and record stdout/stderr from each experiment. Audit evidence."
experiments/audit_fixes/replay/bm25.log,KEEP_AUDIT_EVIDENCE,NO (untracked),166,KEEP,"BM25 build log from replay."
experiments/audit_fixes/replay/corpus.log,KEEP_AUDIT_EVIDENCE,NO (untracked),372,KEEP,"Corpus build log from replay."
experiments/audit_fixes/replay/e1.log,KEEP_AUDIT_EVIDENCE,NO (untracked),1689,KEEP,"E1 training log from replay."
experiments/audit_fixes/replay/e1_1.log,KEEP_AUDIT_EVIDENCE,NO (untracked),101,KEEP,"E1 sub-run log."
experiments/audit_fixes/replay/e1_2.log,KEEP_AUDIT_EVIDENCE,NO (untracked),101,KEEP,"E1 sub-run log."
experiments/audit_fixes/replay/pytest.log,KEEP_AUDIT_EVIDENCE,NO (untracked),4539,KEEP,"pytest execution log from replay."
experiments/audit_fixes/replay/pytest_fastapi.log,KEEP_AUDIT_EVIDENCE,NO (untracked),4011,KEEP,"FastAPI test log from replay."
experiments/audit_fixes/replay/project_cleanup_scan/6page_check1.log,KEEP_AUDIT_EVIDENCE,NO (untracked),11735,KEEP,"LaTeX compilation log from 6-page check; audit evidence of why 6-page was rejected."
experiments/audit_fixes/replay/project_cleanup_scan/final6page_check2.log,KEEP_AUDIT_EVIDENCE,NO (untracked),8692,KEEP,"Second 6-page check log; audit evidence."
