category,candidate,classification,reason
zero_byte_files,none found,N/A,"No zero-byte files found in non-corpus non-cache areas of the repository."
editor_artifacts,none found,N/A,"No *.bak / *.tmp / *.swp / ~$ / Thumbs.db files found."
empty_directories,experiments/audit_fixes/spec_clean/,SAFE_DELETE_EXECUTED,"Empty gitignored directory. Only content (Indian_Legal_XAI_clean.docx) deleted in Prompt 20. Deleted in Prompt 21 Phase I."
duplicate_configs,none found,N/A,"No duplicate tsconfig / package.json / vite.config duplicates found."
stale_caches,demo/web/dist/ (3 files),KEEP_GENERATED_OUTPUT_INTENTIONAL,"Vite build output retained intentionally for instant local demo. Gitignored. Regenerable via npm run build."
accidental_exports,none found,N/A,"No unexpected export files found."
temporary_extraction_dirs,none found,N/A,"No __tmp__ / extract/ / tmp/ directories found."
redundant_build_outputs,experiments/audit_fixes/replay/logs/*.log (31 files),KEEP_AUDIT_EVIDENCE,"These are replay execution logs — they are research evidence, not temporary build outputs."
failed_logs,experiments/audit_fixes/replay/corpus.log,KEEP_AUDIT_EVIDENCE,"Contains a script error (unrecognized argument). This is evidence of what was attempted during corpus build; relevant audit provenance."
failed_logs,experiments/audit_fixes/replay/e1_1.log + e1_2.log,KEEP_AUDIT_EVIDENCE,"101-byte logs with /usr/bin/time not found error. Evidence of replay execution environment constraints."
unused_local_copies,submission/final/paper_master.tex + .pdf,BLOCKED_HISTORICAL_SUBMISSION_PROVENANCE,"Not merely an 'unused local copy' — these are load-bearing components of a cryptographically described historical submission package (ZIP + MANIFEST SHA records)."
duplicate_documentation,submission/archive/*.md/.html,HISTORICAL_SUBMISSION_EVIDENCE,"Not duplicates — these are explicitly different versions tracked by git mv provenance per SUPERSEDED.md."
