year_a,year_b,gap,count
1950,1951,1,2
1951,1952,1,25
1952,1953,1,37
1953,1954,1,47
1954,1955,1,94
1956,1957,1,22
1957,1958,1,66
1958,1959,1,125
1959,1960,1,105
1960,1961,1,170
1960,1962,2,1
1961,1962,1,303
1961,1967,6,1
1962,1963,1,270
1962,1964,2,20
1963,1964,1,267
1964,1965,1,134
1965,1966,1,197
1965,1974,9,1
1966,1967,1,142
1967,1968,1,154
1968,1969,1,236
1969,1970,1,262
1969,1971,2,1
1969,1982,13,1
1970,1971,1,197
1971,1972,1,179
1972,1973,1,218
1972,1975,3,1
1973,1974,1,171
1974,1975,1,191
1975,1976,1,208
1975,1978,3,1
1976,1977,1,188
1977,1978,1,102
1977,1997,20,1
1978,1979,1,147
1978,1980,2,1
1979,1980,1,162
1980,1981,1,111
1980,1983,3,1
1980,1985,5,1
1981,1982,1,96
1982,1983,1,48
1982,1985,3,2
1983,1984,1,80
1984,1985,1,123
1985,1987,2,3
1986,1987,1,69
1986,1988,2,1
1987,1988,1,149
1989,1998,9,1
1991,1992,1,1
1992,1993,1,1
1993,1995,2,1
1996,1997,1,1
1996,1998,2,1
1996,1999,3,1
1997,1999,2,1
1998,1998,0,1
1999,1999,0,1
1999,2000,1,2
2000,2001,1,1
2001,2002,1,2
2002,2003,1,2
2004,2005,1,1
2006,2007,1,1
2007,2007,0,1
2007,2008,1,1
2007,2010,3,1
2008,2009,1,2
2009,2010,1,10
2010,2011,1,1
2011,2012,1,1
2012,2013,1,3
2013,2013,0,1
2013,2014,1,3
2014,2015,1,1
2015,2016,1,1
2016,2017,1,1
2018,2019,1,1
