category,candidate,classification,size_bytes,action,note
zero_byte_files,NONE FOUND,N/A,0,N/A,Scan confirmed zero zero-byte files outside protected dirs
temp_editor_files,NONE FOUND,N/A,0,N/A,No *.bak / *.tmp / *.swp / ~$ / Thumbs.db found
empty_directories,NONE FOUND,N/A,0,N/A,No empty directories outside corpus/cache/git (spec_clean/ already deleted in P21)
tex_files,paper_master_final.tex (root only),KEEP_CANONICAL,37222,KEEP,Only .tex file in repo — canonical manuscript source
docx_files,NONE FOUND,N/A,0,N/A,Zero .docx files anywhere in repository
submission_package,submission/final/ + archive/,ALREADY_RETIRED,1439757 (bytes at deletion),ALREADY_EXECUTED,"Retired in Prompt 22 (prior) execution. submission/final/ and submission/archive/ do not exist."
submission_remaining,submission/ root files + figures/,KEEP_PROJECT_DOCUMENTATION,26946 (figures) + 5282 (docs),KEEP,"submission/MANIFEST.md, README.md, certificate_template.md, declaration_template.md, figures/*.svg — retained as project documentation and canonical SVGs"
stale_build_outputs,demo/web/dist/ (3 files: index.html + CSS + JS),KEEP_GENERATED_OUTPUT_INTENTIONAL,150000 approx,KEEP,Vite build output retained intentionally for instant local demo; gitignored; regenerable
latex_build_logs_replay_root,experiments/audit_fixes/replay/{bm25.log + corpus.log + e1.log + e1_1.log + e1_2.log + pytest.log + pytest_fastapi.log},KEEP_AUDIT_EVIDENCE,total ~11KB,KEEP,"Replay execution logs — direct evidence of experiment runs. Not LaTeX artifacts."
latex_build_logs_replay_logs_dir,experiments/audit_fixes/replay/logs/ (31 files),KEEP_AUDIT_EVIDENCE,~320KB,KEEP,"E1/E2/E3/E4 replay execution stdout/stderr. spring_retest.log (240KB) is direct evidence of Spring API test runs."
6page_check_logs,experiments/audit_fixes/replay/project_cleanup_scan/6page_check1.log + final6page_check2.log,KEEP_AUDIT_EVIDENCE,~20KB,KEEP,"LaTeX compilation check logs documenting why 6-page manuscript was rejected. Audit provenance."
duplicate_non_canonical_artifacts,NONE FOUND,N/A,0,N/A,"No duplicate copies of canonical artifacts found. All previously identified duplicates (replay/paper_master_final.pdf, replay/paper_master_revised.pdf, etc.) were deleted in Prompts 20-22."
obsolete_caches,NONE,N/A,0,N/A,No obsolete caches found outside intentionally preserved E2/HF caches
abandoned_package_outputs,NONE,N/A,0,N/A,No orphaned package outputs found
stale_local_copies,NONE,N/A,0,N/A,All stale manuscript copies retired. No other stale copies identified.
