"path","size","mtime"
"artifacts/e2_hf_cache/hub/.locks/models--law-ai--InLegalBERT/293b545a543a4f7b1da8448d2f51253012830e2de5daee22f6f0c7b2d266cee8.lock","0","1789806439.3911898"
"artifacts/e2_hf_cache/hub/.locks/models--law-ai--InLegalBERT/4c5b13086a73147b272595d98434896cf736227881dd6e8f5d71927b0d63f4c5.lock","0","1789806439.3941884"
"artifacts/e2_hf_cache/hub/.locks/models--law-ai--InLegalBERT/896391ae8224296b6ceb4a6e5c5f1686edcc3102.lock","0","1789806439.3842096"
"artifacts/e2_hf_cache/hub/.locks/models--law-ai--InLegalBERT/e2f3fb7bf6fd1fad64fcadbf4c24bb73af6ebdac.lock","0","1789806439.3787062"
"artifacts/e2_hf_cache/hub/.locks/models--law-ai--InLegalBERT/e7b0375001f109a6b8873d756ad4f7bbb15fbaa5.lock","0","1789806439.388453"
"artifacts/e2_hf_cache/hub/.locks/models--law-ai--InLegalBERT/fb59716a3da9a52e2cd3f03da2c1753bdbb3a784.lock","0","1789806439.3978503"
"artifacts/e2_hf_cache/hub/models--law-ai--InLegalBERT/.no_exist/b5ecfed8ed6cf9d25a3cb8225a8c52f161f7401a/added_tokens.json","0","1789806439.420115"
"artifacts/e2_hf_cache/hub/models--law-ai--InLegalBERT/.no_exist/b5ecfed8ed6cf9d25a3cb8225a8c52f161f7401a/model.safetensors","0","1789806439.4138267"
"artifacts/e2_hf_cache/hub/models--law-ai--InLegalBERT/.no_exist/b5ecfed8ed6cf9d25a3cb8225a8c52f161f7401a/model.safetensors.index.json","0","1789806439.4103734"
"artifacts/e2_hf_cache/hub/models--law-ai--InLegalBERT/.no_exist/b5ecfed8ed6cf9d25a3cb8225a8c52f161f7401a/tokenizer.json","0","1789806439.4232266"
"artifacts/e2_hf_cache/hub/models--law-ai--InLegalBERT/blobs/293b545a543a4f7b1da8448d2f51253012830e2de5daee22f6f0c7b2d266cee8","534217728","1789806445.816217"
"artifacts/e2_hf_cache/hub/models--law-ai--InLegalBERT/blobs/4c5b13086a73147b272595d98434896cf736227881dd6e8f5d71927b0d63f4c5.zip","534276705","1789806442.233422"
"artifacts/e2_hf_cache/hub/models--law-ai--InLegalBERT/blobs/896391ae8224296b6ceb4a6e5c5f1686edcc3102","516","1789806439.436592"
"artifacts/e2_hf_cache/hub/models--law-ai--InLegalBERT/blobs/e2f3fb7bf6fd1fad64fcadbf4c24bb73af6ebdac","221793","1789806439.4416306"
"artifacts/e2_hf_cache/hub/models--law-ai--InLegalBERT/blobs/e7b0375001f109a6b8873d756ad4f7bbb15fbaa5","112","1789806439.432592"
"artifacts/e2_hf_cache/hub/models--law-ai--InLegalBERT/blobs/fb59716a3da9a52e2cd3f03da2c1753bdbb3a784","671","1789806439.4290602"
"artifacts/e2_hf_cache/hub/models--law-ai--InLegalBERT/refs/refs/pr/9","40","1789806445.83031"
"artifacts/e2_hf_cache/hub/version.txt","1","1789806439.3703983"
"experiments/audit_fixes/replay/e2_cache/cache_manifest.json","201582","1790607325.343757"
"experiments/audit_fixes/replay/e2_cache/test/attention_mask.npy","4903040","1790607325.2423408"
"experiments/audit_fixes/replay/e2_cache/test/document_indices.npy","38432","1790607325.2844446"
"experiments/audit_fixes/replay/e2_cache/test/input_ids.npy","19611776","1790607325.1889637"
"experiments/audit_fixes/replay/e2_cache/test/metadata.json","34459","1790607325.2909832"
"experiments/audit_fixes/replay/e2_cache/test/token_type_ids.npy","4903040","1790607325.2784314"
"experiments/audit_fixes/replay/e2_cache/test/window_labels.npy","76736","1790607325.2834487"
"experiments/audit_fixes/replay/e2_cache/train/attention_mask.npy","17255552","1790607307.2215395"
"experiments/audit_fixes/replay/e2_cache/train/document_indices.npy","134936","1790607307.3879786"
"experiments/audit_fixes/replay/e2_cache/train/input_ids.npy","69021824","1790607307.0285428"
"experiments/audit_fixes/replay/e2_cache/train/metadata.json","114358","1790607307.3974314"
"experiments/audit_fixes/replay/e2_cache/train/token_type_ids.npy","17255552","1790607307.3715878"
"experiments/audit_fixes/replay/e2_cache/train/window_labels.npy","269744","1790607307.385976"
"experiments/audit_fixes/replay/e2_cache/validation/attention_mask.npy","3099776","1790607314.4198184"
"experiments/audit_fixes/replay/e2_cache/validation/document_indices.npy","24344","1790607314.450073"
"experiments/audit_fixes/replay/e2_cache/validation/input_ids.npy","12398720","1790607314.3833196"
"experiments/audit_fixes/replay/e2_cache/validation/metadata.json","22618","1790607314.4571166"
"experiments/audit_fixes/replay/e2_cache/validation/token_type_ids.npy","3099776","1790607314.445117"
"experiments/audit_fixes/replay/e2_cache/validation/window_labels.npy","48560","1790607314.4480712"
"experiments/audit_fixes/replay/e2_hf_cache/hub/.locks/models--law-ai--InLegalBERT/293b545a543a4f7b1da8448d2f51253012830e2de5daee22f6f0c7b2d266cee8.lock","0","1789806439.3911898"
"experiments/audit_fixes/replay/e2_hf_cache/hub/.locks/models--law-ai--InLegalBERT/4c5b13086a73147b272595d98434896cf736227881dd6e8f5d71927b0d63f4c5.lock","0","1789806439.3941884"
"experiments/audit_fixes/replay/e2_hf_cache/hub/.locks/models--law-ai--InLegalBERT/896391ae8224296b6ceb4a6e5c5f1686edcc3102.lock","0","1790607267.1276536"
"experiments/audit_fixes/replay/e2_hf_cache/hub/.locks/models--law-ai--InLegalBERT/e2f3fb7bf6fd1fad64fcadbf4c24bb73af6ebdac.lock","0","1790607267.5571122"
"experiments/audit_fixes/replay/e2_hf_cache/hub/.locks/models--law-ai--InLegalBERT/e7b0375001f109a6b8873d756ad4f7bbb15fbaa5.lock","0","1790607268.0728188"
"experiments/audit_fixes/replay/e2_hf_cache/hub/.locks/models--law-ai--InLegalBERT/fb59716a3da9a52e2cd3f03da2c1753bdbb3a784.lock","0","1789806439.3978503"
"experiments/audit_fixes/replay/e2_hf_cache/hub/models--law-ai--InLegalBERT/.no_exist/b5ecfed8ed6cf9d25a3cb8225a8c52f161f7401a/added_tokens.json","0","1789806439.420115"
"experiments/audit_fixes/replay/e2_hf_cache/hub/models--law-ai--InLegalBERT/.no_exist/b5ecfed8ed6cf9d25a3cb8225a8c52f161f7401a/model.safetensors","0","1789806439.4138267"
"experiments/audit_fixes/replay/e2_hf_cache/hub/models--law-ai--InLegalBERT/.no_exist/b5ecfed8ed6cf9d25a3cb8225a8c52f161f7401a/model.safetensors.index.json","0","1789806439.4103734"
"experiments/audit_fixes/replay/e2_hf_cache/hub/models--law-ai--InLegalBERT/.no_exist/b5ecfed8ed6cf9d25a3cb8225a8c52f161f7401a/tokenizer.json","0","1789806439.4232266"
"experiments/audit_fixes/replay/e2_hf_cache/hub/models--law-ai--InLegalBERT/blobs/293b545a543a4f7b1da8448d2f51253012830e2de5daee22f6f0c7b2d266cee8","534217728","1789806445.816217"
"experiments/audit_fixes/replay/e2_hf_cache/hub/models--law-ai--InLegalBERT/blobs/4c5b13086a73147b272595d98434896cf736227881dd6e8f5d71927b0d63f4c5.zip","534276705","1789806442.233422"
"experiments/audit_fixes/replay/e2_hf_cache/hub/models--law-ai--InLegalBERT/blobs/896391ae8224296b6ceb4a6e5c5f1686edcc3102","516","1789806439.436592"
"experiments/audit_fixes/replay/e2_hf_cache/hub/models--law-ai--InLegalBERT/blobs/e2f3fb7bf6fd1fad64fcadbf4c24bb73af6ebdac","221793","1789806439.4416306"
"experiments/audit_fixes/replay/e2_hf_cache/hub/models--law-ai--InLegalBERT/blobs/e7b0375001f109a6b8873d756ad4f7bbb15fbaa5","112","1789806439.432592"
"experiments/audit_fixes/replay/e2_hf_cache/hub/models--law-ai--InLegalBERT/blobs/fb59716a3da9a52e2cd3f03da2c1753bdbb3a784","671","1789806439.4290602"
"experiments/audit_fixes/replay/e2_hf_cache/hub/models--law-ai--InLegalBERT/refs/refs/pr/9","40","1789806445.83031"
"experiments/audit_fixes/replay/e2_hf_cache/hub/models--law-ai--InLegalBERT/snapshots/b5ecfed8ed6cf9d25a3cb8225a8c52f161f7401a/special_tokens_map.json","112","1789806439.432592"
"experiments/audit_fixes/replay/e2_hf_cache/hub/models--law-ai--InLegalBERT/snapshots/b5ecfed8ed6cf9d25a3cb8225a8c52f161f7401a/tokenizer_config.json","516","1789806439.436592"
"experiments/audit_fixes/replay/e2_hf_cache/hub/models--law-ai--InLegalBERT/snapshots/b5ecfed8ed6cf9d25a3cb8225a8c52f161f7401a/vocab.txt","221793","1789806439.4416306"
"experiments/audit_fixes/replay/e2_hf_cache/hub/version.txt","1","1789806439.3703983"
"validation_replay/asset_inventory.json","6776","1789806264.6483994"
"validation_replay/baseline_execution_metadata.json","1714","1789806264.6393938"
"validation_replay/e1/e1_reproduced_results.json","5860","1789806265.4017963"
"validation_replay/e1/e1_reproduced_results.md","1670","1789806265.3982072"
"validation_replay/e2/e2_reproduced_predictions.json","213928","1789806264.6680956"
"validation_replay/e2_cache/cache_manifest.json","201582","1789806264.6756103"
"validation_replay/e2_cache/test/attention_mask.npy","4903040","1789806265.2883103"
"validation_replay/e2_cache/test/document_indices.npy","38432","1789806265.2680955"
"validation_replay/e2_cache/test/input_ids.npy","19611776","1789806265.240571"
"validation_replay/e2_cache/test/metadata.json","34459","1789806265.1444795"
"validation_replay/e2_cache/test/token_type_ids.npy","4903040","1789806265.2595868"
"validation_replay/e2_cache/test/window_labels.npy","76736","1789806265.2645924"
"validation_replay/e2_cache/train/attention_mask.npy","17255552","1789806264.8062027"
"validation_replay/e2_cache/train/document_indices.npy","134936","1789806264.688629"
"validation_replay/e2_cache/train/input_ids.npy","69021824","1789806265.1359632"
"validation_replay/e2_cache/train/metadata.json","114358","1789806264.6936345"
"validation_replay/e2_cache/train/token_type_ids.npy","17255552","1789806264.749216"
"validation_replay/e2_cache/train/window_labels.npy","269744","1789806264.6821291"
"validation_replay/e2_cache/validation/attention_mask.npy","3099776","1789806265.3791902"
"validation_replay/e2_cache/validation/document_indices.npy","24344","1789806265.3626187"
"validation_replay/e2_cache/validation/input_ids.npy","12398720","1789806265.3586135"
"validation_replay/e2_cache/validation/metadata.json","22618","1789806265.3666193"
"validation_replay/e2_cache/validation/token_type_ids.npy","3099776","1789806265.391702"
"validation_replay/e2_cache/validation/window_labels.npy","48560","1789806265.2948089"
"validation_replay/e3_e4/e3_e4_reproduced_evaluation.json","1426956","1789806265.4152255"
"validation_replay/freeze_validation.json","4721","1789806264.655665"
"validation_replay/metric_comparison.json","11755","1789806264.6611145"
"validation_replay/provenance_reload.json","252","1789806264.6525793"
