relpath,replay_sha8,validation_sha8,match,size
cache_manifest.json,bc4b1ac5,bc4b1ac5,True,201582
test/attention_mask.npy,595926c9,595926c9,True,4903040
test/document_indices.npy,3f05aa3a,3f05aa3a,True,38432
test/input_ids.npy,6c6fa495,6c6fa495,True,19611776
test/metadata.json,f5801de5,f5801de5,True,34459
test/token_type_ids.npy,fb093d12,fb093d12,True,4903040
test/window_labels.npy,627f0c1c,627f0c1c,True,76736
train/attention_mask.npy,c22a59b3,c22a59b3,True,17255552
train/document_indices.npy,c3b8b1ee,c3b8b1ee,True,134936
train/input_ids.npy,bcc1c750,bcc1c750,True,69021824
train/metadata.json,1f7dccca,1f7dccca,True,114358
train/token_type_ids.npy,286180eb,286180eb,True,17255552
train/window_labels.npy,39fe0b64,39fe0b64,True,269744
validation/attention_mask.npy,76d65401,76d65401,True,3099776
validation/document_indices.npy,693e5345,693e5345,True,24344
validation/input_ids.npy,de16f0c1,de16f0c1,True,12398720
validation/metadata.json,2f94792b,2f94792b,True,22618
validation/token_type_ids.npy,21cbae07,21cbae07,True,3099776
validation/window_labels.npy,575828af,575828af,True,48560
