Group,Paths,Category,ConsumerCheck,EvidenceTrail,Risk,Action,VerifyAfter
G1-spring-copy,experiments/audit_fixes/replay/spring-api-copy/ (full tree incl target/),DUPLICATE_CANDIDATE,"grep over scripts/ src/ compose*: zero references; only duplicating demo/spring-api (canonical, tracked)","04 exact jar dup; 08 map section I; consumer grep 2026-09-29",LOW,DELETE in controlled phase with post-check,confirm demo/spring-api intact + git status shows only replay/ deletions
G2-tex-build,experiments/audit_fixes/replay/paper_master_*.aux/.log/.out + final*_pass*.log + sixpage*_pass*.log + latex_pass*.log (~70 files),GENERATED_REGENERABLE,"referenced by nothing (build byproducts; .tex sources retained)","pdflatex regenerates; 08 section I; log listing 2026-09-29",LOW,DELETE in controlled phase with post-check,spot-recompile one variant to prove regenerability
G3-zero-log,experiments/audit_fixes/replay/logs/docker_info.log (0 bytes),FAILED_RUN_ARTIFACT,not consumed by any report,BROKEN scan (14); recapture documented as optional,LOW,DELETE in controlled phase with post-check,none (recapture any time via docker info)
G4-demo-build,demo/web node_modules + demo/spring-api/target (ignored),GENERATED_REGENERABLE,"not source (deps); standard rebuild via npm/mvn","02 dir inventory (2477 files/93MB); ignored per git",LOW,DELETE in controlled phase with post-check,rebuild one target (mvn -q -DskipTests package) before dropping audit reliance
BLOCKED-corpus,"corpus/ecourts year-folder pairs (5182 groups)",REVIEW_REQUIRED,uncertain dataset provenance (path/year may encode identity),"user direction 2026-09-29; 04 pattern analysis",HIGH,DO NOT DELETE,resolve provenance first
BLOCKED-manuscripts,"paper_master_6page.* + original backups",REVIEW_REQUIRED,6page lineage unknown; backups are safety copies,"06 audit (final CANONICAL recorded); user direction",HIGH,DO NOT DELETE,explicit archival decision first
BLOCKED-figures,artifacts/figures/*.pdf,DUPLICATE_CANDIDATE,"figures/ is cited by master+revised; artifacts/figures/ unreferenced","consumer grep 2026-09-29; 04 dup",LOW,ARCHIVE_LATER (not delete),confirm submission/final figure source first
BLOCKED-creds,experiments/audit_fixes/replay/.db_env,SECURITY_CANDIDATE,live credential; replays may still need it,"17 map; user direction",HIGH,DO NOT DELETE,confirm unneeded then rotate+remove
BLOCKED-caches,"replay/e2_hf_cache + validation_replay/e2_cache",DUPLICATE_CANDIDATE,may be needed for future replays; validation_replay ownership unclear,"04; 08 section J; user direction",MEDIUM,DO NOT DELETE,dependency check + ownership first
BLOCKED-manifest,artifacts/local_cleanup/corpus_consolidation_manifest.json,REVIEW_REQUIRED,canonical status unknown (BOM-malformed),"14 LOW; user direction",LOW,DO NOT DELETE,determine canonical vs obsolete first
BLOCKED-audit-history,"rebuild_final_batch*.py sixpage_batch*.py + early probe scripts + failed-run logs",TEMPORARY/OBSOLETE,evidence trail for how results were produced,"07/08 maps; user direction step 7",MEDIUM,DO NOT DELETE,separate permanent evidence from temp artifacts first
