path,classification,sha256,size_bytes,git_tracked,action,reason
paper_master_final.tex,KEEP_CANONICAL,FADC2392166664C60FB18365557BF065123AD62DE476F81A94DA3FAC236F961C,37222,untracked,KEEP,Only active manuscript source — verified canonical hash
paper_master_final.pdf,KEEP_CANONICAL,93EECD93CBD2EA8D98266703E93D020B656C986858C282DC3326193F75EDB712,204518,untracked,KEEP,Only active compiled PDF — verified canonical hash
submission/final/paper_master.tex,DELETE_AS_OBSOLETE,9DE053A7C74F8807D86100C5D2FB9C93DDB602EFC140EE59B9808903D0F06D2A,55994,YES,git rm EXECUTED,Superseded manuscript copy inside retired submission package — owner Prompt 22 authorization
submission/final/paper_master.pdf,DELETE_AS_OBSOLETE,3B35C27966D72EE7DABECBA6329A771E71ADBBBCA03E3DCAF1D721E97763EBBD,293984,YES,git rm EXECUTED,Superseded compiled PDF inside retired submission package — owner Prompt 22 authorization
submission/archive/paper.md,DELETE_AS_OBSOLETE,D38FBA73B59544A8C9AD7E5075B984795DDF052F4B65E4FBD21C1E1F0E0CE4F2,55642,YES,git rm EXECUTED,Pre-reorder Markdown draft — old paper material explicitly authorized for deletion
submission/archive/paper.html,DELETE_AS_OBSOLETE,9F59363DDCCB62E674642B730A67DF9E029FB3AA030743AD9FEDF491F740B166,62013,YES,git rm EXECUTED,HTML derivative of pre-reorder Markdown draft — old paper material
submission/archive/paper.pdf,DELETE_AS_OBSOLETE,6E75198B5C3BF2F1B282D49202181D6F0E9A7EE4D0F99DB855D6FAAD471E0760,393406,YES,git rm EXECUTED,PDF compiled from pre-reorder Markdown draft — old paper material
submission/archive/paper_draft.md,DELETE_AS_OBSOLETE,199ADF90444907112CFF6CA627651977340F7A38E417EEFC95B9421C058FC584,51611,YES,git rm EXECUTED,Manuscript draft — old paper material
submission/archive/paper_audit_report.md,DELETE_AS_OBSOLETE,54A3FE3C372C637B894A4AB0F738B1014E530DF18A7246281508F51E2DF6D512,25117,YES,git rm EXECUTED,Pre-submission audit narrative — old paper material
submission/archive/SUPERSEDED.md,DELETE_AS_OBSOLETE,8239EED803CE5EDCF034E8F35E474ACD87EFCEB3A4E77A6DFE838C02945AA15D,1950,YES,git rm EXECUTED,Provenance marker for archive/ files — archive itself retired so marker no longer needed
