path,classification,role,action,note
experiments/audit_fixes/spec_full_text.txt,HISTORICAL_INDIAN_XAI_ASSET,"Canonical project specification Document 3 (Final) — full text of the Indian Legal XAI / NyayaTrace specification document. Used to extract spec_temporal_quotes.md.",KEEP,"Do not delete. This is the governing project specification that defines the research requirements. The project IS the Indian Legal XAI project (NyayaTrace). This document establishes the scope, RQs, experiments, and evaluation criteria."
experiments/audit_fixes/spec_temporal_quotes.md,HISTORICAL_INDIAN_XAI_ASSET,"Temporal rule quotes extracted from the project specification. Used during audit of temporal integrity claims.",KEEP,"Audit evidence extracted from the specification. Retain as audit provenance."
src/legal_xai/ (entire directory),CURRENT_INDIAN_XAI_ASSET,"The NyayaTrace/Indian Legal XAI application source code — retrieval, evidence pipeline, citation verifier, grounded answer, etc.",KEEP,"This IS the Indian Legal XAI project implementation. Not subject to cleanup."
scripts/ (all .py and .sh),CURRENT_INDIAN_XAI_ASSET,"Training, inference, corpus build, and evaluation scripts for the Indian Legal XAI experiments.",KEEP,"Active project scripts."
config/ (all JSON),CURRENT_INDIAN_XAI_ASSET,"Experiment configurations for E1/E2/E3/E4 and reproducibility freeze.",KEEP,"Active project configs."
demo/ (web + ml-service + spring-api),CURRENT_INDIAN_XAI_ASSET,"The Indian Legal XAI demonstration application (React + FastAPI + Spring Boot).",KEEP,"Active project component."
answer_key/,CURRENT_INDIAN_XAI_ASSET,"Authority answer key and verified case extension — core evaluation data for the Indian Legal XAI research.",KEEP,"Frozen research artifact. Do not modify."
corpus/ (entire),CURRENT_INDIAN_XAI_ASSET,"The Indian Legal XAI corpus — 39,068 eCourts PDFs and derived parquets.",KEEP,"Core dataset. Explicitly protected."
note_on_naming,N/A,"No files named Indian_XAI* or Indian_Legal_XAI* remain in the repository. Both DOCX files (Indian_Legal_XAI.docx at root and experiments/audit_fixes/spec_clean/Indian_Legal_XAI_clean.docx) were deleted in Prompt 20 with owner approval. The project spec text is preserved in spec_full_text.txt.",N/A,"Zero filename-matched Indian_XAI* files remain. Project code/data fully preserved under NyayaTrace namespace."
