path,classification,sha256_pre_delete,size_bytes,git_tracked,action,reason
submission/final/paper_master.tex,RETIRED_SUBMISSION_MANUSCRIPT,9DE053A7C74F8807D86100C5D2FB9C93DDB602EFC140EE59B9808903D0F06D2A,55994,YES,git rm EXECUTED,Superseded manuscript. Owner Prompt 22: retire all old paper versions.
submission/final/paper_master.pdf,RETIRED_SUBMISSION_MANUSCRIPT,3B35C27966D72EE7DABECBA6329A771E71ADBBBCA03E3DCAF1D721E97763EBBD,293984,YES,git rm EXECUTED,Superseded PDF. Owner Prompt 22: retire all old paper versions.
submission/final/nyayatrace_submission_package.zip,RETIRED_SUBMISSION_PACKAGE,5F213D9F1E6C12AAAB62DEC0DDA38FB1DA6AD2F753A8DE2C49F977CEE6EC82CB,370841,YES,git rm EXECUTED,Historical submission ZIP. Embeds superseded manuscript. Owner explicitly authorized removal of the historical submission package.
submission/final/MANIFEST.md,RETIRED_SUBMISSION_PACKAGE,F56D942A410136B89FF5B5AF736ED9CE2904B131E3A1880B408F6B2ED717437A,2518,YES,git rm EXECUTED,Submission package manifest referencing superseded manuscript SHA-256. Sole purpose was the retired submission package.
submission/final/README.md,RETIRED_SUBMISSION_PACKAGE,3E8951E0FE3CCA2D16F865755A5B0C3D79AB9709FA810E500E86AAF0BAA617F8,1233,YES,git rm EXECUTED,Submission package documentation. Sole purpose was the retired submission package.
submission/final/figures/fig1_outcome.pdf,RETIRED_SUBMISSION_FIGURE,6A2C7776ED817EC4B595FD93D5BD26D61DF3B38692D0495E0DFA60C8179844A2,13114,YES,git rm EXECUTED,PDF figure copy inside retired submission package. Canonical SVG equivalents preserved in submission/figures/.
submission/final/figures/fig2_funnel.pdf,RETIRED_SUBMISSION_FIGURE,02287EC1DA8EA1BC95D725A6CC211353535F82B781C1D06D1A309AEB414369CC,13928,YES,git rm EXECUTED,PDF figure copy inside retired submission package.
submission/final/figures/fig3_integrity.pdf,RETIRED_SUBMISSION_FIGURE,34965BECF10F273A968D5408087CCC3C7DE7F82DE2DA28A422EB41400E597432,11682,YES,git rm EXECUTED,PDF figure copy inside retired submission package.
submission/final/figures/fig4_investigation.pdf,RETIRED_SUBMISSION_FIGURE,3F4F97203B8173B91A67E8FA4620D266F6782D20AD50EB2E9F32C58214106D41,15251,YES,git rm EXECUTED,PDF figure copy inside retired submission package.
submission/final/figures/fig5_explanation.pdf,RETIRED_SUBMISSION_FIGURE,CC457A5EFD28988CE0E3EB8CA6E4C2C364087AEA9B90BE2FDA863DBEA6D9C25E,17267,YES,git rm EXECUTED,PDF figure copy inside retired submission package.
submission/archive/paper.html,RETIRED_ARCHIVE_PAPER,9F59363DDCCB62E674642B730A67DF9E029FB3AA030743AD9FEDF491F740B166,62013,YES,git rm EXECUTED,Pre-reorder HTML paper export — old paper material.
submission/archive/paper.md,RETIRED_ARCHIVE_PAPER,D38FBA73B59544A8C9AD7E5075B984795DDF052F4B65E4FBD21C1E1F0E0CE4F2,55642,YES,git rm EXECUTED,Pre-reorder Markdown paper — old paper material.
submission/archive/paper.pdf,RETIRED_ARCHIVE_PAPER,6E75198B5C3BF2F1B282D49202181D6F0E9A7EE4D0F99DB855D6FAAD471E0760,393406,YES,git rm EXECUTED,PDF compiled from pre-reorder Markdown paper — old paper material.
submission/archive/paper_draft.md,RETIRED_ARCHIVE_PAPER,199ADF90444907112CFF6CA627651977340F7A38E417EEFC95B9421C058FC584,51611,YES,git rm EXECUTED,Manuscript draft — old paper material.
submission/archive/paper_audit_report.md,RETIRED_ARCHIVE_PAPER,54A3FE3C372C637B894A4AB0F738B1014E530DF18A7246281508F51E2DF6D512,25117,YES,git rm EXECUTED,Pre-submission audit narrative — old paper material.
submission/archive/SUPERSEDED.md,RETIRED_ARCHIVE_PAPER,8239EED803CE5EDCF034E8F35E474ACD87EFCEB3A4E77A6DFE838C02945AA15D,1950,YES,git rm EXECUTED,Provenance marker for retired archive/ files — retaining it without the archive it describes is meaningless.
submission/final/ (directory),EMPTY_DIR_REMOVED,N/A,0,N/A,Remove-Item (auto-removed by git rm),Directory auto-removed when all tracked contents were git rm'd.
submission/archive/ (directory),EMPTY_DIR_REMOVED,N/A,0,N/A,Remove-Item (auto-removed by git rm),Directory auto-removed when all tracked contents were git rm'd.
submission/final/figures/ (directory),EMPTY_DIR_REMOVED,N/A,0,N/A,Remove-Item (auto-removed by git rm),Directory auto-removed when all tracked contents were git rm'd.
KEPT: submission/MANIFEST.md,KEEP_PROJECT_DOCUMENTATION,N/A,2758,YES,KEEP,Project-level required-deliverable manifest cross-referencing E1-E4 implementations / corpus / retrieval / scripts — has project value beyond the paper submission.
KEPT: submission/README.md,KEEP_PROJECT_DOCUMENTATION,N/A,1146,YES,KEEP,Submission tree documentation — general project reference.
KEPT: submission/certificate_template.md,KEEP_PROJECT_DOCUMENTATION,N/A,680,YES,KEEP,Institutional submission placeholder — small; kept as project reference.
KEPT: submission/declaration_template.md,KEEP_PROJECT_DOCUMENTATION,N/A,698,YES,KEEP,Institutional submission placeholder — small; kept as project reference.
KEPT: submission/figures/ (5 SVGs),CANONICAL_FIGURE_SOURCE,N/A,26946 total,YES,KEEP,Canonical SVG figures (week14_figure_a through e) — surviving copies after artifacts/figures/ deletion in Prompt 19. Protected by Phase H.
