seq,path,classification,size_bytes,sha256_pre_delete,git_tracked,phase,rationale,prior_audit,action,status
1,paper_master.tex,SAFE_DELETE_OWNER_APPROVED,55994,9DE053A7C74F8807D86100C5D2FB9C93DDB602EFC140EE59B9808903D0F06D2A,YES,A1-root,"SUPERSEDED manuscript; overrides prior KEEP_AUDIT_EVIDENCE; latest owner directive Prompt 20",Prompt 20 directive,git rm,EXECUTED
2,paper_master.pdf,SAFE_DELETE_OWNER_APPROVED,293984,3B35C27966D72EE7DABECBA6329A771E71ADBBBCA03E3DCAF1D721E97763EBBD,YES,A1-root,"SUPERSEDED compiled PDF; overrides prior KEEP_AUDIT_EVIDENCE; latest owner directive Prompt 20",Prompt 20 directive,git rm,EXECUTED
3,paper_master_revised.tex,SAFE_DELETE_OWNER_APPROVED,56898,CCFF15E60B74DC713F4C60F6EBBD8D17FB4C0179C7E8D99160F9D0B184474B90,NO,A2-root,"Revised variant superseded by paper_master_final.tex; explicitly approved in Prompt 20",Prompt 20 directive,Remove-Item,EXECUTED
4,paper_master_revised.pdf,SAFE_DELETE_OWNER_APPROVED,294801,D5DFC68B5362D276E6A08FC97E3BD85994A2073986753715F3DA94BD70BA8EDF,NO,A2-root,"Compiled from revised source; superseded by paper_master_final.pdf",Prompt 20 directive,Remove-Item,EXECUTED
5,Indian_Legal_XAI.docx,SAFE_DELETE_OWNER_APPROVED,27166,1049324290CE116BE39E3F05757E7B5149032CFA460F7A786EAC1998F76A0B32,NO,A2-root,"Obsolete DOCX spec; superseded by paper_master_final.tex; approved in Prompt 20",Prompt 20 directive,Remove-Item,EXECUTED
6,experiments/audit_fixes/replay/paper_master_original_backup.tex,SAFE_DELETE_OWNER_APPROVED,55994,9DE053A7C74F8807D86100C5D2FB9C93DDB602EFC140EE59B9808903D0F06D2A,NO,A3-replay,"Byte-identical to root paper_master.tex (both SHA 9DE053A7); redundant backup copy; both superseded",Prompt 20 directive,Remove-Item,EXECUTED
7,experiments/audit_fixes/replay/paper_master_original_backup.pdf,SAFE_DELETE_OWNER_APPROVED,293984,3B35C27966D72EE7DABECBA6329A771E71ADBBBCA03E3DCAF1D721E97763EBBD,NO,A3-replay,"Byte-identical to root paper_master.pdf (both SHA 3B35C279); redundant backup copy; both superseded",Prompt 20 directive,Remove-Item,EXECUTED
8,experiments/audit_fixes/replay/paper_master_revised.pdf,SAFE_DELETE_OWNER_APPROVED,294801,D5DFC68B5362D276E6A08FC97E3BD85994A2073986753715F3DA94BD70BA8EDF,NO,A3-replay,"Compiled from paper_master_revised.tex which was deleted in #3; superseded",Prompt 20 scope expansion,Remove-Item,EXECUTED
9,experiments/audit_fixes/replay/paper_master_6page.pdf,SAFE_DELETE_OWNER_APPROVED,222823,A05316A2BD59A94D53A9D1F0260B0B2FB35BB3612AA09D5A4BC7B76C7008006C,NO,A3-replay,"6-page variant PDF; root source paper_master_6page.tex deleted in Prompt 19; superseded",Prompt 19+20 scope,Remove-Item,EXECUTED
10,experiments/audit_fixes/replay/paper_master_final.pdf,REDUNDANT_COPY,204518,93EECD93CBD2EA8D98266703E93D020B656C986858C282DC3326193F75EDB712,NO,A3-replay,"Byte-identical to canonical paper_master_final.pdf at root (SHA 93EECD93); purely redundant; canonical at root preserved",Q2 default: delete redundant,Remove-Item,EXECUTED
11,experiments/audit_fixes/spec_clean/Indian_Legal_XAI_clean.docx,SAFE_DELETE_OWNER_APPROVED,26467,A96EA009A6B904FF6C941D4CF4C31E97AC9DFA2CA11B5B9920BF32150371B41E,NO,A4-spec_clean,"Cleaned DOCX variant; root Indian_Legal_XAI.docx deleted in #5; spec_clean work superseded by paper_master_final",Prompt 20 scope expansion,Remove-Item,EXECUTED
12,experiments/audit_fixes/replay/project_cleanup_scan/paper_master_6page.pdf,SAFE_DELETE_BUILD_ARTIFACT,222823,3E1968B73EAF8091E35FA81403DCB73206FCB6DF9C183E0F1D359F3925E0D140,NO,A5-build,"LaTeX compiled PDF artifact; 6-page source deleted; regenerable; different SHA from other 6-page variants",Prompt 20 scope expansion,Remove-Item,EXECUTED
13,experiments/audit_fixes/replay/project_cleanup_scan/paper_master_6page.aux,SAFE_DELETE_BUILD_ARTIFACT,8077,D362E246F762079739EA68946A4ABD4FAEE1F60B29B0703F2BA14BD0A0CFCC1B,NO,A5-build,"LaTeX auxiliary output; auto-generated; regenerable from source if needed",Prompt 20 scope expansion,Remove-Item,EXECUTED
14,experiments/audit_fixes/replay/project_cleanup_scan/paper_master_6page.log,SAFE_DELETE_BUILD_ARTIFACT,23638,2F29C6CE4C7976A1797F352DE0418AF4CD720B89D8F9CB8CC94CCA0ABDD77D31,NO,A5-build,"LaTeX build log; auto-generated; no research value",Prompt 20 scope expansion,Remove-Item,EXECUTED
15,experiments/audit_fixes/replay/project_cleanup_scan/paper_master_6page.out,SAFE_DELETE_BUILD_ARTIFACT,6724,96B6B2F5218D45CD1BF7DAD86328722243A06F8A93D98A25BB2E63BF0CD20D0B,NO,A5-build,"LaTeX hyperref output; auto-generated; no research value",Prompt 20 scope expansion,Remove-Item,EXECUTED
